name	version	body_sha256	chars	file
aristotle_hypothesis	0.1	3c6e6c96b861352a5a7566947a8bab18ba23ec30ce94c88c7d2722175b0279cd	259	aristotle_hypothesis__0.1.txt
aristotle_hypothesis	1.0	806417c6a5ab6634117889248ccf570bb217e2a7a3f7ccb8257ca5454acb9e80	946	aristotle_hypothesis__1.0.txt
aristotle_hypothesis	2.0-tier2	20fed6f75edcf3f1e3a28df2858e53581c1ff1404d44eaeb2d20ce028c61e7df	1542	aristotle_hypothesis__2.0-tier2.txt
critic	1.0	4d5e6f24c160ec0c0055cbd21d9d282873818f2a194f51a05c5d4217570e6a6d	1460	critic__1.0.txt
diogenes_hypothesis	0.1	3c6e6c96b861352a5a7566947a8bab18ba23ec30ce94c88c7d2722175b0279cd	259	diogenes_hypothesis__0.1.txt
diogenes_hypothesis	1.0	901289c0312356879c0455c0b6593b071669bf8b9347ea4615da75234ab249b7	1182	diogenes_hypothesis__1.0.txt
diogenes_hypothesis	2.0-tier2	8fd8889be666d7b8768f41d83fb5e8c02bea845d416ba8efba7c9a2041f73746	1659	diogenes_hypothesis__2.0-tier2.txt
heraclitus_contrastive_distillation	0.1	d64dfc3445f8b3e8b5f55b90980b4b2fbdc8991f8fc78ed93da1f14ed1f55ee0	695	heraclitus_contrastive_distillation__0.1.txt
heraclitus_contrastive_distillation	1.0	6ba953a86de98d47793a02f8dd83cae9e30fbdd1b5076a7c17cc2ccacb5cf19f	1137	heraclitus_contrastive_distillation__1.0.txt
heraclitus_hypothesis	0.1	3c6e6c96b861352a5a7566947a8bab18ba23ec30ce94c88c7d2722175b0279cd	259	heraclitus_hypothesis__0.1.txt
heraclitus_hypothesis	1.0	b364831eca2ecc8e073407268821fc5155071dac8815e8cb1cb32478c0e72645	1289	heraclitus_hypothesis__1.0.txt
heraclitus_hypothesis	2.0-tier2	586e2cb4703a0d6fb6db8a024f3528f7bea6cdd6bd7deb04d4423fb2cf9e158d	1482	heraclitus_hypothesis__2.0-tier2.txt
heraclitus_next_move	v1	c29738a64e54835777bdc4a3f9ff6cab3c04b060c7374b78bfd200acf1a3db36	1726	heraclitus_next_move__v1.txt
heraclitus_next_move	v2	c41ecdaabbf6ef1c8ebb8ff8e666b4cdc7038eed80f6274ac4cf9406ed574b44	1827	heraclitus_next_move__v2.txt
heraclitus_next_move_system	v1	29a5be1e1ef9bef82afd4086ee5b5b847db321dc87c5df76e4a956d2d2b6f33f	257	heraclitus_next_move_system__v1.txt
judge	1.0	c7a9c1c6f69ba86bcb64ffdabf709dade3da8dc24c063073d50c86a6cb707645	1531	judge__1.0.txt
parmenides_hypothesis	0.1	3c6e6c96b861352a5a7566947a8bab18ba23ec30ce94c88c7d2722175b0279cd	259	parmenides_hypothesis__0.1.txt
parmenides_hypothesis	1.0	f61781f63774718ca243cfdcea01d660a7a786ed4bc622d4cc97b98b9328a6cc	1096	parmenides_hypothesis__1.0.txt
parmenides_hypothesis	2.0-tier2	adaf8e883a072351c41fc2fe405a3083794ae84aef4a71c4c1bbbb828898f6b9	1653	parmenides_hypothesis__2.0-tier2.txt
plato_hypothesis	0.1	3c6e6c96b861352a5a7566947a8bab18ba23ec30ce94c88c7d2722175b0279cd	259	plato_hypothesis__0.1.txt
plato_hypothesis	1.0	8ed581c49a360efaf49e62ad22e7d7c3dd9980549a43753568d27714b45f2737	1055	plato_hypothesis__1.0.txt
plato_hypothesis	2.0-tier2	179c8cc9e6eca5428d9ccd3d06c5279b67b4adefb82313f53dcf097520bb5687	1635	plato_hypothesis__2.0-tier2.txt
proponent	1.0	3f305cb204f1bb4499de1858fbdcebc5e8981796429b36e14be9981c8e484910	1132	proponent__1.0.txt
solo_hypothesis	1.0	2f67852796378e198894e487dd5daeec9c9e9d0b4bee5140320db2b114a8b4e8	1250	solo_hypothesis__1.0.txt
single_agent_ode_loop SYSTEM_PROMPT_V1		8ac116aac52677b97b85140b4f3db9b5443e78c6b516a17116bdf34c9b6845e4	3059	single_agent_ode_loop__SYSTEM_PROMPT_V1.txt
single_agent_ode_loop SYSTEM_PROMPT_V2		080ab6aebbe55df7be5f32c436d23d9ad5c2ed08b1f6b6bb8f76f3fb9e3be76f	4682	single_agent_ode_loop__SYSTEM_PROMPT_V2.txt
single_agent_ode_loop SYSTEM_PROMPT_V3		22b1de1cc1734af90c22671d720456fba62a13c2890e3a7ab61e63b44940d0bf	5865	single_agent_ode_loop__SYSTEM_PROMPT_V3.txt
single_agent_ode_loop SYSTEM_PROMPT_V4		c85d9de3a47a2802cd10ebec01117d6bdbaadef8b3ae0dbedd2804d9f74dca3c	9061	single_agent_ode_loop__SYSTEM_PROMPT_V4.txt
single_agent_ode_loop SYSTEM_PROMPT_V5		78d84e16111fe8ebd330a2bff128c10ea876462fb8c3363231f1da4ee2808055	8219	single_agent_ode_loop__SYSTEM_PROMPT_V5.txt
single_agent_ode_loop SYSTEM_PROMPT_V6		4f17a0c3b42e3ff100be2721870f4bf7230d654995b3fc2556f35495f3ab9020	11196	single_agent_ode_loop__SYSTEM_PROMPT_V6.txt
