seed	arm	run_id	consec_depth	raw_max_depth	realized_calls	halt_reason	per_layer
0	council	f2971104-692b-4a01-abde-a18c34b2b7d5	1	6	41	call_budget_exceeded	per_layer L1..L6 = (True, False, True, False, False, True)
0	single_model	04920f27-feda-4b06-9aae-f61e98625fae	1	6	42	call_budget_exceeded	per_layer L1..L6 = (True, False, True, False, False, True)
1	council	92a187a7-0e19-40d0-9d34-a9c5d3934607	3	6	40	call_budget_exceeded	per_layer L1..L6 = (True, True, True, False, False, True)
1	single_model	702053de-8c24-45c3-a458-73abe0b6db31	1	6	40	call_budget_exceeded	per_layer L1..L6 = (True, False, True, False, False, True)
2	council	31fc51bd-3361-4170-812f-1e995a9f3095	3	6	40	call_budget_exceeded	per_layer L1..L6 = (True, True, True, False, False, True)
2	single_model	caee75eb-411b-4fd0-b130-5828b3f8f6c3	1	6	40	call_budget_exceeded	per_layer L1..L6 = (True, False, True, False, False, True)
3	council	28405d8e-3bc2-4ebc-b9f4-5c76a9b600b7	4	6	42	call_budget_exceeded	per_layer L1..L6 = (True, True, True, True, False, True)
3	single_model	71cda81d-e74d-44b3-9905-e0cc6d822ec4	1	6	41	call_budget_exceeded	per_layer L1..L6 = (True, False, True, False, False, True)
4	council	f53e127d-291b-4963-9c27-f7d0e0a3464e	1	6	43	call_budget_exceeded	per_layer L1..L6 = (True, False, True, False, False, True)
4	single_model	f2b73846-b440-401a-9220-75589529f8da	1	6	40	call_budget_exceeded	per_layer L1..L6 = (True, False, True, False, False, True)
5	council	946ccdc3-a4ad-4cc3-b16f-0522966365c4	1	6	40	call_budget_exceeded	per_layer L1..L6 = (True, False, True, False, False, True)
5	single_model	109e1008-e6e3-45c7-9bed-6171c3216b3d	1	6	40	call_budget_exceeded	per_layer L1..L6 = (True, False, True, False, False, True)
6	council	5519db18-3f7c-486a-aa00-41e518684d8e	3	6	40	call_budget_exceeded	per_layer L1..L6 = (True, True, True, False, False, True)
6	single_model	bb7ea972-3807-4331-acb1-cedf9a60dbfb	1	6	40	call_budget_exceeded	per_layer L1..L6 = (True, False, True, False, False, True)
7	council	6468ad75-38b8-4851-9348-69b3dc8f6d66	3	6	43	call_budget_exceeded	per_layer L1..L6 = (True, True, True, False, False, True)
7	single_model	254d6fb5-2501-4cf3-843c-13cb8d27b00b	1	6	39	call_budget_exceeded	per_layer L1..L6 = (True, False, True, False, False, True)
