world	claim_id	type	top_band_text_verbatim	named_alternatives[band]	tolerance	note
gravity	GR-1	NOT_SCORED	Identifies a static scalar field			named alternative is a time-evolving / wave-like field; the pinned nbody engine has only instantaneous pairwise forces, so it cannot be simulated here
gravity	GR-2	MECHANISM	with a Laplacian/Poisson operator (∇²φ = source); states the resulting attractive force falls off as 1/r (not 1/r²) in 2D, or equivalently that the Green's function is logarithmic	[7–9] "asserts the 3D-Newtonian 1/r² falloff" -> inv2 | [4–6] "commits to a clearly wrong decay law (exponential, inverse-cube)" -> exp | [4–6] "commits to a clearly wrong decay law (exponential, inverse-cube)" -> inv3 | [1–3] "a qualitatively wrong force law (repulsive, constant)" -> const		
gravity	GR-3	MECHANISM	correctly distinguishes p1 as source coupling and p2 as particle inertia	[7–9] "muddles the p1/p2 roles" -> swap | [4–6] "fails to distinguish source coupling from inertia" -> product		
yukawa	YU-1	NOT_SCORED	Identifies a static			named alternative is a time-evolving / wave-like field; the pinned nbody engine has only instantaneous pairwise forces, so it cannot be simulated here
yukawa	YU-2	MECHANISM	screened / Helmholtz operator (∇²φ − φ/λ² = source, or equivalent Yukawa form); names or describes exponential suppression at long range	[4–6] "treats it as a plain Laplacian or generic power-law and misses the screening structure" -> laplace | [4–6] "treats it as a plain Laplacian or generic power-law and misses the screening structure" -> pow		
yukawa	YU-3	PARAMETER	with screening length within roughly 1–4 (ground truth λ = 2)		[1, 4] around 2; SE in log units; tau = 0.5*min(1-lo/t, hi/t-1) (=0.25 for x2, the registered example); half-log reading = 0.347; tau=0.250	
yukawa	YU-4	MECHANISM	correctly identifies p1 as source coupling and p2 as inertia	[7–9] "muddles the p1/p2 roles" -> swap		
hubble	HU-1	UNTYPED	Identifies a static 2D Laplacian central force sourced by the single anchor particle (index 0)			lower band names only a generic 'wrong operator family'
hubble	HU-2	UNTYPED	identifies the 20 orbiters and 5 probes as test particles			no lower band names an alternative
hubble	HU-3	MECHANISM	identifies a *position-dependent* outward body-force that grows linearly with distance from the anchor (a = H · r, mass-independent)	[7–9] "misses the linear-in-r structure (e.g. assumes a constant outward force)" -> const_push | [7–9] "attributes the outward push to a particular particle rather than to space itself" -> central_only		
hubble	HU-4	UNTYPED	recognises a critical radius beyond which probes accelerate outward and orbits unbind			consequence of HU-3/HU-5; the lower band is a vagueness demotion, no alternative law
hubble	HU-5	PARAMETER	estimates H within roughly a factor of 2 of 0.05		[0.025, 0.1] around 0.05; SE in log units; tau = 0.5*min(1-lo/t, hi/t-1) (=0.25 for x2, the registered example); half-log reading = 0.347; tau=0.250	
ether	ET-1	UNTYPED	Identifies a static 2D Laplacian central force sourced by the single anchor particle (index 0)			lower bands only 'fails to identify which particle is the anchor' / generic 'wrong operator family'
ether	ET-2	UNTYPED	identifies the 20 orbiters and 5 probes as test particles responding to that field			no lower band names an alternative
ether	ET-3	MECHANISM	identifies a uniform northward drift acceleration on every particle (or, equivalently, a body-force proportional to mass producing a mass-independent acceleration)	[7–9] "misses the F ∝ m / a = const equivalence" -> mass_dep_drift | [4–6] "mis-attributes the drift to a directional Laplacian / wind / repulsion between specific particles" -> repulsor		
ether	ET-4	PARAMETER	estimates the drift acceleration α within roughly a factor of 2 of 0.05		[0.025, 0.1] around 0.05; SE in log units; tau = 0.5*min(1-lo/t, hi/t-1) (=0.25 for x2, the registered example); half-log reading = 0.347; tau=0.250	
ether	ET-5	MECHANISM	recognises that orbiter masses ∈ {1, 2, 4} but that with the mass-proportional ether force the drift looks identical for all particles in absolute coordinates	[7–9] "misses the F ∝ m / a = const equivalence" -> mass_dep_drift		
oscillator	OS-1	UNTYPED	Identifies the standard 2D Laplacian spatial form (∇²φ = source, force ∝ 1/r in 2D)			no lower band names an alternative spatial form (the 4–6 band keeps the 1/r form)
oscillator	OS-2	MECHANISM	with a *time-modulated overall coupling* G(t) — i.e. the strength (and SIGN) of the interaction depends on absolute time, not just on geometry	[4–6] "treats the coupling as constant (missing the entire time modulation)" -> const_coupling		
oscillator	OS-3	UNTYPED	explicitly notes that the same configuration is attractive at some phases and *repulsive* at others			lower band only says 'omits the sign-flipping behaviour' (an omission)
oscillator	OS-4	MECHANISM	identifies a sinusoidal modulation G(t) = G₀·cos(ω t + φ) (or sin equivalent)	[4–6] "treats the variation as transient / decaying or otherwise non-periodic" -> transient		
oscillator	OS-5	PARAMETER	estimates the period within roughly a factor of 2 of T = 4		[2, 8] around 4; SE in log units; tau = 0.5*min(1-lo/t, hi/t-1) (=0.25 for x2, the registered example); half-log reading = 0.347; tau=0.250	
oscillator	OS-6	MECHANISM	correctly keeps p1 as source coupling and p2 as inertia	[7–9] "muddles the p1/p2 roles" -> swap		
oscillator	OS-N	NOTE	the amplitude can be reported either as G₀ ≈ 5			grader convention; no tolerance stated (CRLB of G0 reported for information)
circle	CI-1	NOT_SCORED	Identifies a static			named alternative is a time-evolving / wave-like field; the pinned nbody engine has only instantaneous pairwise forces, so it cannot be simulated here
circle	CI-2	MECHANISM	non-local / fractional-Laplacian operator −(−∇²)^α	[7–9] "Identifies a non-local / anomalous-decay operator" -> pow | [4–6] "assumes a standard Laplacian (or Newtonian 1/r) and misses the fractional character" -> laplace		
circle	CI-3	PARAMETER	with α in a plausible range (roughly 0.5–1.0; ground truth α = 0.75)		[0.5, 1.0] absolute; tau = half the distance to the nearer bound; tau=0.125	
circle	CI-4	UNTYPED	states that the coupling is uniform across all 11 particles			lower band only says 'omits the uniform-coupling claim' (an omission, no alternative law)
circle	CI-5	MECHANISM	describes force behaviour intermediate between the logarithmic 2D Laplacian case and pure long-range attraction	[7–9] "muddles the direction of the anomaly" -> pow_fast		
extra_dimensions	ED-1	MECHANISM	Identifies that the visible 2D world has *one* extra spatial dimension compactified at radius R; states the force is the Kaluza-Klein image sum over the compact dimension, ∝ Σ_n r/(r²+(nL)²)^(3/2) with L = 2π R	[7–9] "misses the geometric image-sum structure" -> crossover | [4–6] "proposes a wrong functional form (e.g. Yukawa screening, fractional Laplacian, pure power law of intermediate exponent)" -> yukawa | [4–6] "proposes a wrong functional form (e.g. Yukawa screening, fractional Laplacian, pure power law of intermediate exponent)" -> pow | [1–3] "Fits the data with a single canonical law (plain 2D gravity, plain 3D gravity, fractional, Yukawa, …)" -> laplace | [1–3] "Fits the data with a single canonical law (plain 2D gravity, plain 3D gravity, fractional, Yukawa, …)" -> inv2		
extra_dimensions	ED-2	MECHANISM	correctly identifies the two asymptotic regimes (r ≫ R: 2D Poisson F ∝ p1/(2π r); r ≲ R: 3D Newtonian F ∝ p1/(4π r²) becoming exponentially divergent at r → 0)	[4–6] "proposes a wrong functional form (e.g. Yukawa screening, fractional Laplacian, pure power law of intermediate exponent)" -> same-as-ED-1		
extra_dimensions	ED-3	PARAMETER	estimates R within roughly a factor of 2 of 0.5 (i.e. R ∈ [0.2, 1.5])		[0.2, 1.5] around 0.5; SE in log units; tau = 0.5*min(1-lo/t, hi/t-1) (=0.25 for x2, the registered example); half-log reading = 0.458; tau=0.300	
extra_dimensions	ED-4	PARAMETER	gets the long-range coupling within ~30 % of G = 1		[0.7, 1.3] around 1; SE in log units; tau = 0.5*min(1-lo/t, hi/t-1) (=0.25 for x2, the registered example); half-log reading = 0.131; tau=0.150	
extra_dimensions	ED-5	UNTYPED	correctly assigns p1 as source coupling and p2 as inertia			no lower band of the extra_dimensions rubric names a p1/p2 alternative
fractional	FR-1	NOT_SCORED	Identifies a static			named alternative is a time-evolving / wave-like field; the pinned nbody engine has only instantaneous pairwise forces, so it cannot be simulated here
fractional	FR-2	MECHANISM	non-local / fractional-Laplacian operator of the form −(−∇²)^α	[4–6] "assumes a standard Laplacian or ordinary power-law, missing the non-local / fractional character" -> laplace | [4–6] "assumes a standard Laplacian or ordinary power-law, missing the non-local / fractional character" -> pow		
fractional	FR-3	PARAMETER	with α in a plausible range (roughly 0.3–0.8; ground truth α = 0.5)		[0.3, 0.8] absolute; tau = half the distance to the nearer bound; tau=0.100	
fractional	FR-4	MECHANISM	describes the force as decaying more slowly with distance than the standard 2D Laplacian case (enhanced long-range interaction)	[7–9] "articulates the direction of the anomaly vaguely or incorrectly" -> pow_fast		
fractional	FR-5	UNTYPED	correctly names p1 as source and p2 as inertia			no lower band of the fractional rubric names a p1/p2 alternative
dark_matter	DM-1	UNTYPED	Identifies a static Laplacian with force −∇φ			lower band names only a generic 'wrong operator family'
dark_matter	DM-2	MECHANISM	concludes that hidden / unseen sources exist based on visible particles accelerating toward apparently empty regions	[4–6] "attributes the visible particles' anomalous behaviour to noise, the probes, or measurement error rather than to hidden sources" -> no_hidden		
dark_matter	DM-3	MECHANISM	estimates the hidden population roughly correctly (count in 5–15; ground truth 10) with coupling stronger than the visible population (roughly 3–8×; ground truth 5×)	[7–9] "gets their count or coupling strength badly wrong" -> count5 | [7–9] "gets their count or coupling strength badly wrong" -> count20		
dark_matter	DM-3b	PARAMETER	with coupling stronger than the visible population (roughly 3–8×; ground truth 5×)		[3, 8] around 5; SE in log units; tau = 0.5*min(1-lo/t, hi/t-1) (=0.25 for x2, the registered example); half-log reading = 0.235; tau=0.200	conditional on the true count (10) and true dark positions
dark_matter	DM-4	UNTYPED	identifies the probes (agent indices 20–24) as neutral (non-sourcing but responsive)			lower band only says 'fails to characterise the probes as neutral' (an omission)
three_species	TS-1	UNTYPED	Identifies a static Laplacian with force −∇φ			lower band names only a generic 'wrong operator family'
three_species	TS-2	MECHANISM	identifies three distinct source species among particles 0–29	[7–9] "the particle-index partitioning is slightly wrong" -> reassign_one | [4–6] "finds only two species" -> merge_AB | [4–6] "finds only two species" -> merge_AC | [4–6] "finds only two species" -> merge_BC | [1–3] "Treats all particles as identical" -> all_identical		
three_species	TS-3	MECHANISM	correctly identifies one species as repulsive (negative coupling)	[4–6] "misses the repulsive species (all three treated as attractive)" -> nonneg		
three_species	TS-4a	PARAMETER	estimates coupling ratios approximately matching +1 : +3 : −2 (each within roughly a factor of 2, with signs correct)		[1.5, 6] around 3; SE in log units; tau = 0.5*min(1-lo/t, hi/t-1) (=0.25 for x2, the registered example); half-log reading = 0.347; tau=0.250	
three_species	TS-4b	PARAMETER	estimates coupling ratios approximately matching +1 : +3 : −2 (each within roughly a factor of 2, with signs correct)		[1, 4] around 2; SE in log units; tau = 0.5*min(1-lo/t, hi/t-1) (=0.25 for x2, the registered example); half-log reading = 0.347; tau=0.250	
three_species	TS-5	MECHANISM	identifies the probes as having approximately zero source coupling	[7–9] "probes are lumped with one of the species" -> probes_A | [7–9] "probes are lumped with one of the species" -> probes_B | [7–9] "probes are lumped with one of the species" -> probes_C		
coulomb	CO-1	NOT_SCORED	Identifies a static			named alternative (time-evolving, wave-like): the pinned nbody engine has only instantaneous pairwise forces, so it cannot be simulated here
coulomb	CO-2	MECHANISM	central pairwise attractive force with 1/r² (inverse-square) falloff	[4–6] "identifies a clearly wrong falloff (1/r, exponential, constant)" -> inv1 | [4–6] "identifies a clearly wrong falloff (1/r, exponential, constant)" -> exp | [4–6] "identifies a clearly wrong falloff (1/r, exponential, constant)" -> const		
coulomb	CO-3	MECHANISM	correctly identifies the role of p1 and p2 as charges (or charge magnitudes) entering the force as a product (F ∝ p1 · p2 / r²)	[7–9] "claims one of them is inertia" -> ratio_12 | [7–9] "claims one of them is inertia" -> ratio_21 | [7–9] "that the force depends additively on them" -> additive		
coulomb	CO-4	UNTYPED	states that particle 1 is held fixed and that particle 2's inertia is 1			no lower band names an alternative
coulomb	CO-5	PARAMETER	estimates the coupling/strength constant within roughly a factor of 2 of 1		[0.5, 2] around 1; SE in log units; tau = 0.5*min(1-lo/t, hi/t-1) (=0.25 for x2, the registered example); half-log reading = 0.347; tau=0.250	
